{"cameraMode":{"drawMode":0,"name":"Shaded","section":"Shading Mode"},"sceneLighting":false,"audioPlay":false,"sceneViewState":{"showFog":true,"showMaterialUpdate":false,"showSkybox":false,"showFlares":true,"showImageEffects":true,"showParticleSystems":true},"in2DMode":false,"pivot":{"x":-0.09753835201263428,"y":19.16767692565918,"z":-7.2429375648498539},"rotation":{"x":0.0003836180840153247,"y":0.9466249346733093,"z":0.001126709976233542,"w":-0.32233861088752749},"size":2.393551826477051,"orthographic":false}