{"cameraMode":{"drawMode":0,"name":"Shaded","section":"Shading Mode"},"sceneLighting":true,"audioPlay":false,"sceneViewState":{"showFog":true,"showMaterialUpdate":false,"showSkybox":true,"showFlares":true,"showImageEffects":true,"showParticleSystems":true},"in2DMode":false,"pivot":{"x":-1.5847702026367188,"y":26.547012329101564,"z":-7.129974365234375},"rotation":{"x":0.0003836180840153247,"y":0.9466249346733093,"z":0.001126709976233542,"w":-0.32233861088752749},"size":28.646411895751954,"orthographic":false}